name,project_type,category,subcategory,primary_stage,workflow_stages,summary_zh,summary_en,interface_candidate,review_status,evidence
agent-correlation-break-research,agent,09,09.research-agent,monitoring,data-ingestion|modeling|monitoring|reporting,用 Pandadata 多资产收益相关性变化识别风格切换、分散化压力与结构性行情。,"Uses Pandadata price-series correlation changes to identify style shifts, diversification stress, and structural market moves.",hybrid,approved,AGENTS.md|README.md
agent-crowding-risk-monitor,agent,09,09.monitor-risk-agent,monitoring,data-ingestion|monitoring|reporting,用 Pandadata 价格、成交、融资和龙虎榜热度识别抱团、过热、踩踏与去杠杆风险。,"Monitors crowded-trade risk from Pandadata price, turnover, margin, and Dragon-Tiger heat evidence.",hybrid,approved,AGENTS.md|README.md
agent-derivatives-skew-sentiment-monitor,agent,09,09.monitor-risk-agent,monitoring,data-ingestion|monitoring|reporting,用期权隐含波动率和标的历史波动率观察衍生品市场风险偏好。,Monitors derivatives sentiment from option implied volatility and underlying historical volatility.,hybrid,approved,AGENTS.md|README.md
agent-for-liangshuyuan-tasks,agent,09,09.workflow-orchestration-agent,orchestration,orchestration,面向量枢院任务的多 Agent 协作框架，组织量化交易工具、构建流程与任务分工。,"Multi-agent collaboration framework for Liangshuyuan tasks, organizing quantitative tools, build workflows, and task roles.",hybrid,approved,AGENTS.md|README.md
agent-macro-driven-rotation,agent,09,09.research-agent,modeling,data-ingestion|modeling|reporting,以改进美林时钟定相、景气 Nowcast 和估值过滤生成宏观驱动行业轮动研究材料。,"Generates macro-driven industry-rotation research materials from clock phases, nowcasts, and valuation filters.",hybrid,approved,AGENTS.md|README.md
agent-market-regime-monitor,agent,09,09.monitor-risk-agent,monitoring,data-ingestion|monitoring|reporting,用 Pandadata 行情、指数宽度、波动率和资金证据判断趋势、震荡、退潮或风险扩张状态。,"Monitors market regimes from Pandadata index breadth, volatility, and funding evidence.",hybrid,approved,AGENTS.md|README.md
agent-quantspace,agent,09,09.workflow-orchestration-agent,orchestration,data-ingestion|modeling|backtesting|reporting|orchestration,面向 AI 编码代理的量化研究框架，组织数据、技能、策略、回测和报告工作流。,"AI-native quantitative research framework for reusable skills, strategy workflows, backtests, and reports.",hybrid,approved,AGENTS.md|README.md
agent-ssquant,agent,09,09.execution-agent,execution,data-ingestion|modeling|backtesting|execution|reporting,SSQuant Agent 组织期货策略、数据服务、CTP 门禁检查和中文回测报告工作流。,"SSQuant Agent workflow for futures strategies, data services, CTP gates, and Chinese backtest reports.",hybrid,approved,AGENTS.md|README.md
agent-template,agent,10,10.agent-template,orchestration,orchestration,用于创建可移植 QuantSkills 智能体项目的规范模板。,Canonical template for portable QuantSkills agent projects.,not-applicable,approved,AGENTS.md|README.md
skill-a-share-market-risk-radar,skill,04,04.automated-alerts,monitoring,data-ingestion|risk|monitoring|reporting,扫描 A 股宏观、资金、估值、趋势、行业轮动与个股事件并汇总风险等级。,"Scans A-share macro, funding, valuation, trend, sector-rotation, and event evidence into risk levels.",structured,approved,README.md|SKILL.md
skill-a-share-pit-fundamental-vintage-builder,skill,01,01.pit-data-quality,data-quality,data-ingestion|data-quality,按披露可见时点构建并审计 A 股财务数据，避免使用后续重述信息。,Builds and audits point-in-time A-share financial data without later restatements.,structured,approved,README.md|SKILL.md
skill-a-share-stock-dossier,skill,03,03.a-share-equity,reporting,data-ingestion|reporting,输入一个 A 股代码，汇总基本面、公司行动、股东行为、事件风险与资金面的可溯源尽调报告。,"Uses Pandadata to produce a sourced A-share dossier covering fundamentals, corporate actions, holders, event risks, and market funds.",hybrid,approved,README.md|SKILL.md
skill-a1-lhb-tracking,skill,02,02.factor-generation,factor-generation,data-ingestion|factor-generation|evaluation,用龙虎榜席位历史表现和次日溢价生成事件驱动排序因子。,"Generates an event-ranking factor from Dragon-Tiger seat history, win rate, payoff, and next-session premium.",structured,approved,README.md|SKILL.md
skill-ag-futures-seasonality,skill,03,03.futures-commodity,modeling,data-ingestion|modeling|reporting,从农产品期货日线计算各月份历史季节性并叠加作物日历生成可视化报告。,Computes monthly agricultural-futures seasonality from daily prices and overlays crop-calendar context.,structured,approved,README.md|SKILL.md
skill-alpha-a06-hotmoney-reversal,skill,02,02.factor-generation,factor-generation,data-ingestion|feature-engineering|factor-generation|evaluation,从龙虎榜席位与行情数据计算热钱席位冷却反转因子并提供验证与回测产物。,Computes a hot-money seat cooling and reversal factor from Dragon-Tiger and market data with validation artifacts.,structured,approved,README.md|SKILL.md
skill-alpha-f1-position-change,skill,02,02.factor-generation,factor-generation,data-ingestion|feature-engineering|factor-generation|evaluation,从期货前 20 席位净持仓变化计算持仓突变因子并生成信号。,Computes a futures top-20-seat position-change factor and signal from net-position data.,structured,approved,README.md|SKILL.md
skill-alpha-f5-member-position-concentration,skill,02,02.factor-generation,factor-generation,data-ingestion|feature-engineering|factor-generation|evaluation,从机构、游资与北向等席位净持仓计算成员持仓集中度信号。,"Computes member-position concentration signals from institutional, hot-money, and northbound net positions.",structured,approved,README.md|SKILL.md
skill-alpha-f6-family-position-reverse,skill,02,02.factor-generation,factor-generation,data-ingestion|feature-engineering|factor-generation|evaluation,从期货家族席位持仓反转关系计算交易信号。,Computes a futures family-position reversal signal from seat-position relationships.,structured,approved,README.md|SKILL.md
skill-alpha-f8-family-main-divergence,skill,02,02.factor-generation,factor-generation,data-ingestion|feature-engineering|factor-generation|evaluation,从期货家族席位与主力席位持仓背离计算因子信号。,Computes a futures family-versus-main-seat position-divergence factor signal.,structured,approved,README.md|SKILL.md
skill-alpha-ncav-graham,skill,02,02.factor-generation,factor-generation,data-ingestion|feature-engineering|factor-generation|evaluation,计算 Graham NCAV 净流动资产折价因子，面向排除金融股的 A 股深度价值筛选并生成信号。,Computes a Graham NCAV discount factor for A-share deep-value screening and buy-sell-hold signals.,structured,approved,README.md|SKILL.md
skill-audit-opinion-scanner,skill,04,04.regulatory-compliance,evaluation,data-ingestion|evaluation|risk|reporting,从审计意见、财务报表和行业对标评估 A 股财务健康并输出风险检查结果。,"Assesses A-share financial health from audit opinions, statements, and industry benchmarks with risk checks.",structured,approved,README.md|SKILL.md
skill-b11-auto-stop-loss-take-profit,skill,05,05.position-orders,execution,data-ingestion|risk|execution,按入场日期和开盘价规则判断止盈、止损、强平，并控制单票仓位上限。,"Applies entry-date and open-price rules for take-profit, stop-loss, forced exits, and single-name position caps.",structured,approved,README.md|SKILL.md
skill-b12-intraday-position-manager,skill,05,05.position-orders,execution,data-ingestion|risk|execution,在日内交易中按可卖与锁定数量、价格和现金管理多标的仓位。,"Manages intraday multi-instrument positions using sellable and locked quantity, price, and cash inputs.",structured,approved,README.md|SKILL.md
skill-b6-limitup-pool,skill,04,04.automated-alerts,monitoring,data-ingestion|monitoring|reporting,维护每日涨停池，记录首板、连板、炸板、回封、题材和情绪指标并生成看板。,"Maintains a daily limit-up pool with board, break, reseal, theme, sentiment, and dashboard outputs.",structured,approved,README.md|SKILL.md
skill-b7-lhb-monitor,skill,04,04.flow-crowding,monitoring,data-ingestion|monitoring|reporting,监控龙虎榜与席位标签，生成次日关注清单和可筛选的个股详情看板。,Monitors Dragon-Tiger entries and seat labels to produce next-session watchlists and searchable views.,structured,approved,README.md|SKILL.md
skill-backtest,skill,05,05.backtest-engine,backtesting,data-ingestion|backtesting|evaluation,提供横截面多头回测协议，固定 T+1 开盘成交、费用、涨跌停剔除与诊断图表。,"Provides a cross-sectional long-only backtest protocol with T+1 execution, fees, limit filters, and diagnostics.",structured,approved,README.md|SKILL.md
skill-backtest-overfit,skill,07,07.walk-forward-oos,evaluation,data-ingestion|evaluation,评估回测过拟合与多重检验风险，计算 DSR、PBO、净化交叉验证和 Harvey-Liu 折减。,"Evaluates backtest overfitting and multiple-testing risk with DSR, PBO, purged cross-validation, and Harvey-Liu haircut.",structured,approved,README.md|SKILL.md
skill-backtesting-bias-avoidance,skill,07,07.lookahead-leakage,evaluation,data-ingestion|data-quality|backtesting|evaluation,构建无前视偏差的回测并审计前视、幸存者、过拟合、成本和样本外检验风险。,"Builds look-ahead-safe backtests and audits leakage, survivorship, overfitting, costs, and out-of-sample checks.",hybrid,approved,README.md|SKILL.md
skill-block-trade-radar,skill,04,04.flow-crowding,monitoring,data-ingestion|monitoring|reporting,按大宗交易折溢价、成交量和价格证据生成 A 股个股雷达报告。,"Builds an A-share block-trade radar from discount or premium, volume, and price evidence.",hybrid,approved,README.md|SKILL.md
skill-brinson-performance-attribution,skill,05,05.performance-attribution,evaluation,data-ingestion|evaluation|reporting,执行 Brinson-Fachler 或 BHB 归因、HHI 与贡献排序，并支持 Carino 多期链接。,"Runs Brinson-Fachler or BHB attribution with HHI, contributor ranking, and Carino multi-period linking.",structured,approved,README.md|SKILL.md
skill-buffett-moat-screener,skill,03,03.a-share-equity,modeling,data-ingestion|modeling|evaluation|reporting,按巴菲特式护城河、估值和点时数据筛选 A 股与美股公司并生成研究记录。,"Screens A-share and US companies using moat, valuation, and point-in-time data for research records.",structured,approved,README.md|SKILL.md
skill-build-b10-factor-evaluation,skill,02,02.factor-evaluation,evaluation,data-ingestion|factor-screening|evaluation|reporting,评估因子的 IC、IR、分层回测、单调性、换手率和衰减表现。,"Evaluates quantitative factors with IC, IR, stratified backtests, monotonicity, turnover, and decay diagnostics.",structured,approved,README.md|SKILL.md
skill-buyback-monitor,skill,04,04.corporate-event,monitoring,data-ingestion|monitoring|reporting,监测 A 股回购公告生命周期、用途、价格区间和强度并整理研究结果。,"Monitors A-share buyback lifecycles, purposes, price ranges, and intensity for research.",hybrid,approved,README.md|SKILL.md
skill-calendar-anomaly-scanner,skill,07,07.signal-stability,evaluation,data-ingestion|evaluation|reporting,从带日期收益序列扫描日历异常，结合稳健检验、Bootstrap 和多重检验校正输出结果。,"Scans dated price changes for calendar anomalies using robust tests, bootstrap checks, and multiple-testing control.",structured,approved,README.md|SKILL.md
skill-capital-flow-crowding-monitor,skill,04,04.flow-crowding,monitoring,data-ingestion|monitoring|reporting,聚合融资融券、北向持股和大宗交易，计算资金一致性、背离与拥挤度分位信号。,"Aggregates margin, northbound-holding, and block-trade data into consensus, divergence, and crowding-percentile signals.",structured,approved,README.md|SKILL.md
skill-cb-analyzer,skill,03,03.options-convertible-bond,evaluation,data-ingestion|modeling|evaluation|reporting,分析 A 股可转债双低策略、条款事件、正股联动、Black-Scholes Greeks 与波动率。,"Analyzes A-share convertible bonds with double-low screening, terms, equity linkage, Greeks, and volatility.",hybrid,approved,README.md|SKILL.md
skill-commodity-carry-cta,skill,03,03.futures-commodity,factor-generation,data-ingestion|feature-engineering|factor-generation|backtesting|evaluation,构建商品期货 carry、时序动量、横截面动量、基差动量和库存因子并回测轮动。,"Builds commodity-futures carry, time-series momentum, cross-sectional momentum, basis, and inventory factors for rotation backtests.",structured,approved,README.md|SKILL.md
skill-concept-rotation-monitor,skill,03,03.a-share-equity,monitoring,data-ingestion|feature-engineering|monitoring|reporting,监测 A 股概念与题材的动量、宽度和轮动变化并生成研究报告。,"Monitors A-share concept and theme momentum, breadth, and rotation for research reports.",hybrid,approved,README.md|SKILL.md
skill-corporate-action-adjustment-auditor,skill,01,01.market-data-governance,data-quality,data-ingestion|data-quality|evaluation|reporting,在研究或回测前审计原始与复权价格中的拆分和现金分红一致性。,Audits split and cash-dividend consistency between raw and adjusted equity prices before research.,structured,approved,README.md|SKILL.md
skill-cross-listing-parity,skill,03,03.hk-us-equity,monitoring,data-ingestion|monitoring|reporting,比较 A/H 与中国 ADR 的跨市场价格平价、汇率和换股比例并输出监测报告。,"Monitors A/H and China ADR cross-listing parity using prices, FX, and share ratios.",hybrid,approved,README.md|SKILL.md
skill-daily-report,skill,08,08.daily-review,reporting,data-ingestion|reporting,汇总多个市场的行情、板块、资金和新闻数据，生成每日 Markdown 复盘报告。,"Aggregates cross-market prices, sectors, flows, and news into a daily Markdown review.",natural-language,approved,README.md|SKILL.md
skill-dalio-all-weather,skill,05,05.portfolio-construction,portfolio-construction,data-ingestion|portfolio-construction|backtesting|evaluation,针对A股股票、债券、黄金和商品资产提供全天候配置与回测流程。,"Provides an all-weather allocation and backtest workflow for A-share assets, bonds, gold, and commodities.",natural-language,approved,README.md|SKILL.md
skill-dividend-yield-scan,skill,03,03.a-share-equity,reporting,data-ingestion|reporting,计算A股滚动股息率、连续分红和除权除息日历。,"Calculates A-share rolling dividend yield, dividend continuity, and ex-dividend calendars.",natural-language,approved,README.md|SKILL.md
skill-dl-gnn-stock-graph,skill,06,06.statistical-ml-models,modeling,feature-engineering|modeling|backtesting|evaluation,构建A股多层异构图并使用图神经网络进行量化选股与回测。,Builds A-share heterogeneous graphs for GNN stock selection and backtesting.,natural-language,approved,README.md|SKILL.md
skill-doc-to-alphas,skill,02,02.factor-generation,factor-generation,data-quality|factor-generation,定义OHLCV因子表达式格式和校验规则，用于从文档生成Alpha因子。,Defines OHLCV alpha-expression formats and validation rules for document-derived factors.,structured,approved,README.md|SKILL.md|references/alpha_ops.md
skill-earnings-season-tracker,skill,08,08.news-disclosures,monitoring,data-ingestion|monitoring|reporting,在财报季扫描业绩预告、行业分布和审计非标事项。,"Scans earnings guidance, industry distributions, and qualified audit items during earnings seasons.",natural-language,approved,README.md|SKILL.md
skill-etf-arbitrage-monitor,skill,03,03.etf-fund-index,monitoring,data-ingestion|monitoring|reporting,监控A股ETF一级和二级市场折溢价及申赎篮子可行性。,Monitors A-share ETF primary/secondary-market premiums and redemption-basket feasibility.,natural-language,approved,README.md|SKILL.md
skill-etf-fund-evaluator,skill,03,03.etf-fund-index,evaluation,data-ingestion|evaluation|reporting,评价境内非QDII被动股票指数ETF，并支持同指数横向比较。,Evaluates domestic non-QDII passive equity-index ETFs and comparable-index peers.,natural-language,approved,README.md|SKILL.md
skill-event-risk-alert,skill,04,04.corporate-event,monitoring,data-ingestion|monitoring|reporting,对自选或持仓清单扫描解禁、质押、增减持和业绩等事件风险。,"Scans watchlists or holdings for unlock, pledge, ownership-change, and earnings-event risks.",natural-language,approved,README.md|SKILL.md
skill-factor-alpha191-alpha101,skill,02,02.factor-generation,factor-generation,data-ingestion|factor-generation,从长表OHLCV CSV批量计算Alpha101和Alpha191因子并输出宽表CSV。,Computes Alpha101 and Alpha191 factors from long-form OHLCV CSV and outputs wide CSV.,structured,approved,README.md|SKILL.md
skill-factor-backtest,skill,05,05.backtest-engine,backtesting,factor-screening|backtesting|evaluation|reporting,对给定因子和行情数据执行long-only横截面因子回测并生成诊断报告。,Runs long-only cross-sectional factor backtests on supplied factors and market data with diagnostics.,structured,approved,README.md|SKILL.md|quant-skill.yaml
skill-factor-blend,skill,02,02.factor-orthogonalization-blending,factor-generation,factor-generation|evaluation,将多个因子信号去冗余、加权并合成为复合信号。,De-redundantly weights and combines multiple factor signals into a composite signal.,natural-language,approved,README.md|SKILL.md
skill-factor-debug,skill,07,07.numerical-model-audit,evaluation,evaluation|risk,提供按症状、病因和验证手段组织的因子失效诊断手册。,"Provides a symptom, cause, and verification playbook for factor failures.",natural-language,approved,README.md|SKILL.md
skill-factor-decay,skill,07,07.signal-stability,evaluation,evaluation|reporting,分析多期限Rank IC、换手和分组收益的衰减，并估计半衰期。,"Analyzes decay in Rank IC, turnover, and bucket returns and estimates half-life.",natural-language,approved,README.md|SKILL.md
skill-factor-evaluate,skill,02,02.factor-evaluation,evaluation,factor-screening|evaluation,对单个截面因子计算IC、夏普、回撤、单调性和换手的综合评分。,"Scores a cross-sectional factor using IC, Sharpe, drawdown, monotonicity, and turnover.",natural-language,approved,README.md|SKILL.md
skill-factor-grouped-wrapper,skill,02,02.factor-selection,factor-screening,factor-generation|factor-screening|evaluation,按分组封装因子处理流程和工作流图。,Wraps grouped factor-processing workflows and their pipeline diagrams.,natural-language,approved,README.md|SKILL.md|skill.yml
skill-factor-idea-generation,skill,02,02.factor-idea-generation,factor-generation,factor-generation,根据默认数据范围生成包含经济逻辑和风险说明的因子候选想法。,Generates candidate factor ideas with economic rationale and risk notes from the default data scope.,natural-language,approved,README.md|SKILL.md|skill.yml
skill-factor-mason,skill,02,02.factor-evaluation,evaluation,factor-screening|evaluation|risk,检查单因子研究中的时点、IC/IR、成本和中性化质量。,"Checks timing, IC/IR, costs, and neutralization quality in single-factor research.",natural-language,approved,README.md|SKILL.md
skill-factor-mine,skill,02,02.factor-generation,factor-generation,factor-generation|evaluation,提供从假设、实验记录到评分和接受或回滚的因子挖掘SOP。,Provides a factor-mining SOP from hypothesis and experiment notes through scoring and accept/rollback.,natural-language,approved,README.md|SKILL.md
skill-factor-mining-pandaai,skill,02,02.factor-generation,factor-generation,factor-generation|backtesting|evaluation,使用PandaAI数据和分析反馈进行因子挖掘，或从公开文档提取因子。,Mines factors with PandaAI data and feedback or extracts them from public documents.,natural-language,approved,README.md|SKILL.md|factor-mining-pandaai.skill
skill-factor-optimize,skill,02,02.factor-generation,factor-generation,factor-generation|evaluation,对已有股票或期货因子执行参数扫描、消融和版本增强。,"Runs parameter sweeps, ablations, and version refinements for existing equity or futures factors.",natural-language,approved,README.md|SKILL.md
skill-factor-orthogonalize,skill,02,02.factor-orthogonalization-blending,factor-generation,factor-generation|evaluation,对截面因子进行逐日OLS正交化，并输出残差因子和暴露诊断。,Orthogonalizes cross-sectional factors with daily OLS and outputs residual factors and exposure diagnostics.,natural-language,approved,README.md|SKILL.md
skill-factor-pool-evolution,skill,02,02.factor-pool-online,factor-screening,factor-generation|factor-screening|evaluation,根据种子因子池的评估生成变异、交叉和推荐。,"Generates mutation, crossover, and recommendations from evaluated seed factor pools.",natural-language,approved,README.md|SKILL.md|skill.yml
skill-factor-ranking-sage,skill,02,02.factor-selection,factor-screening,factor-screening|evaluation,在本地因子和标签数据上运行mRMR或Marginal-SAGE并输出Top-K排名。,Runs mRMR or Marginal-SAGE on local factor and label data to produce Top-K rankings.,structured,approved,README.md|SKILL.md
skill-factor-review,skill,02,02.factor-evaluation,evaluation,evaluation|reporting,扫描因子库和实验日志，生成量化盘点、结构分析和研究建议。,"Scans a factor library and experiment logs for inventory, structural analysis, and research recommendations.",natural-language,approved,README.md|SKILL.md
skill-factormad-debate-factor-mining,skill,02,02.factor-idea-generation,factor-generation,factor-generation|evaluation,参考FactorMAD多智能体辩论框架进行可解释的股票Alpha因子挖掘。,Uses a FactorMAD-style multi-agent debate framework for interpretable stock-alpha mining.,natural-language,approved,README.md|SKILL.md
skill-fin-news,skill,08,08.news-disclosures,reporting,data-ingestion|reporting,聚合财经快讯和市场数据，精选头条并撰写分析文章。,Aggregates financial headlines and market data to select headlines and draft analysis articles.,natural-language,approved,README.md|SKILL.md
skill-forecast-calibration-audit,skill,07,07.forecast-calibration,evaluation,evaluation|reporting,审计概率预测的校准程度，而非只评估样本排序。,Audits probability-forecast calibration rather than sample ranking alone.,natural-language,approved,README.md|SKILL.md
skill-fundamental-factor-analysis,skill,02,02.factor-generation,factor-generation,data-ingestion|factor-generation|evaluation,从季度财报计算并验证A股估值、质量和成长因子。,"Computes and validates A-share valuation, quality, and growth factors from quarterly financial reports.",natural-language,approved,README.md|SKILL.md
skill-futures-deepview-analyst,skill,03,03.futures-commodity,reporting,data-ingestion|reporting,将期货DeepView自然语言请求转为数据调用计划和事实与推断分离的报告。,Turns futures DeepView natural-language requests into data-call plans and fact/inference-separated reports.,natural-language,approved,README.md|SKILL.md
skill-futures-roll-auditor,skill,01,01.market-data-governance,data-quality,data-ingestion|data-quality|evaluation|reporting,审计连续合约选择、换月价差和调整因子，并生成换月账本。,"Audits continuous-contract selection, roll gaps, and adjustment factors and produces a roll ledger.",structured,approved,README.md|SKILL.md
skill-gaetano-crux-capital-research-model,skill,06,06.investor-research-models,modeling,modeling|reporting,以公开资料拆解光子、光网络和AI基础设施公司的研究证据与风险。,"Uses public sources to structure research evidence and risks for photonics, optical-network, and AI-infrastructure companies.",natural-language,approved,README.md|SKILL.md
skill-gao-shanwen-research-model,skill,06,06.investor-research-models,reporting,reporting,整理、检索和学习高善文公开著作与文章。,"Organizes, retrieves, and studies Gao Shanwen's public writings and articles.",natural-language,approved,README.md|SKILL.md
skill-global-commodity-term-structure,skill,03,03.futures-commodity,reporting,data-ingestion|reporting,用公开数据研究海外商品期货期限结构、展期收益和价差。,"Uses public data to study global commodity-futures term structure, roll yield, and spreads.",natural-language,approved,README.md|SKILL.md
skill-global-macro-rates-fx-lab,skill,03,03.macro-cross-asset,reporting,data-ingestion|reporting,以公开利率、央行和外汇数据生成可溯源的全球宏观格局简报。,"Produces sourced global macro briefs from public rates, central-bank, and FX data.",natural-language,approved,README.md|SKILL.md
skill-global-macro-trend-strategy,skill,05,05.strategy-signal,backtesting,factor-screening|portfolio-construction|backtesting,将海外信号和公开日线价格转为可回测的研究策略、仓位和风控规则。,"Turns global signals and public daily prices into backtestable research strategies, positions, and risk rules.",natural-language,approved,README.md|SKILL.md
skill-hk-stock-dossier,skill,03,03.hk-us-equity,reporting,data-ingestion|reporting,基于Pandadata接口生成覆盖九个维度的港股尽职调查研报。,Generates nine-dimension Hong Kong equity due-diligence reports from Pandadata interfaces.,natural-language,approved,README.md|SKILL.md
skill-hk-us-consensus-radar,skill,03,03.hk-us-equity,reporting,data-ingestion|reporting,汇总港美股卖方评级、目标价和成长预期及其变化。,"Summarizes HK/US sell-side ratings, target prices, growth expectations, and changes.",natural-language,approved,README.md|SKILL.md
skill-hk-us-consensus-revision-radar,skill,03,03.hk-us-equity,monitoring,data-ingestion|monitoring|reporting,组织港美股目标价和评级的跨期修订轨迹，并生成研究报告。,Organizes cross-period HK/US target-price and rating revisions into a research report.,natural-language,approved,README.md|SKILL.md
skill-hk-us-dividend-events,skill,03,03.hk-us-equity,reporting,data-ingestion|reporting,基于Pandadata外盘接口生成港股和美股分红事件报告。,Generates HK and US equity dividend-event reports using Pandadata overseas-market interfaces.,natural-language,approved,README.md|SKILL.md
skill-hk-us-insider-radar,skill,03,03.hk-us-equity,monitoring,data-ingestion|monitoring|reporting,扫描港股和美股内部人交易、净买卖方向、聚集交易及持股变化。,"Scans HK and US insider transactions, net direction, trading clusters, and holding changes.",natural-language,approved,README.md|SKILL.md
skill-hk-us-quote-scan,skill,03,03.hk-us-equity,reporting,data-ingestion|reporting,生成港美股行情、流动性、估值和行业相对位置的研究快照。,"Builds HK and US equity snapshots covering quotes, liquidity, valuation, and industry-relative position.",natural-language,approved,README.md|SKILL.md
skill-holder-structure-scan,skill,03,03.a-share-equity,monitoring,data-ingestion|monitoring|reporting,跟踪A股股东户数、前十大持股和自由流通股以评估筹码集中度。,"Tracks A-share holder counts, top-holder concentration, and free float to assess ownership concentration.",natural-language,approved,README.md|SKILL.md
skill-ic-analysis,skill,02,02.factor-evaluation,evaluation,factor-generation|evaluation|reporting,评估量化因子的IC、分组表现和预测有效性。,"Evaluates quantitative factors through IC, grouped performance, and predictive effectiveness.",natural-language,approved,SKILL.md
skill-index-rebalance-event-study,skill,03,03.etf-fund-index,evaluation,data-ingestion|evaluation|reporting,围绕指数纳入、剔除和权重调整公告或生效日运行可复现事件研究。,"Runs reproducible event studies for index additions, deletions, and weight changes.",structured,approved,README.md|SKILL.md|references/output-contract.md
skill-index-valuation-rotation,skill,03,03.etf-fund-index,reporting,data-ingestion|feature-engineering|modeling|reporting,分析A股指数估值分位、行业相对估值和轮动线索。,"Analyzes A-share index valuation percentiles, relative industry valuation, and rotation signals.",natural-language,approved,README.md|SKILL.md
skill-institutional-research-tracker,skill,08,08.institutional-research,monitoring,data-ingestion|monitoring|reporting,监测A股机构调研活动、关注度及其变化。,"Monitors A-share institutional research activity, attention, and changes over time.",natural-language,approved,README.md|SKILL.md
skill-intraday-data-quality-auditor,skill,01,01.market-data-governance,data-quality,data-ingestion|data-quality|reporting,审计标准化日内OHLCV数据的时间戳、缺口、价格、成交量和交易日缺陷。,"Audits normalized intraday OHLCV data for timestamp, gap, price, volume, and trading-date defects.",structured,approved,README.md|SKILL.md|references/output-contract.md
skill-investment-decision,skill,06,06.investor-research-models,modeling,data-ingestion|modeling|evaluation|reporting,整合研究证据、估值和风险信息，形成可追溯的投资决策报告。,"Combines research evidence, valuation, and risk information into an auditable investment decision report.",structured,approved,README.md|SKILL.md|references/decision-contract.md
skill-jq-to-panda-converter,skill,10,10.build-release-tooling,orchestration,modeling|reporting|orchestration,将聚宽量化策略代码转换为可运行回测的PandaAI JSON策略配置。,Converts JoinQuant strategy code into PandaAI JSON configurations runnable in backtests.,structured,approved,README.md|SKILL.md|examples/ma_crossover_panda.json
skill-keynes-contrarian-investment,skill,06,06.investor-research-models,modeling,data-ingestion|modeling|evaluation|reporting,运用长期预期和反共识框架识别过度乐观、悲观及价值陷阱。,"Uses long-term expectations and contrarian analysis to identify optimism, pessimism, and value traps.",structured,approved,README.md|SKILL.md|references/pandadata_contract.md
skill-klarman-special-situations,skill,04,04.corporate-event,modeling,data-ingestion|modeling|evaluation|risk|reporting,按特殊情况投资框架研究定增解禁、重组、分拆和困境反转事件。,"Researches private placements, restructurings, spin-offs, and distressed turnarounds as special situations.",structured,approved,README.md|SKILL.md|references/evidence_templates/distress_turnaround.json
skill-ma-crossover-signal,skill,05,05.strategy-signal,factor-generation,data-ingestion|feature-engineering|factor-generation|reporting,计算均线交叉交易信号并提供回测评估。,"Computes moving-average crossover signals and reports trend state, latest cross, MA gap, and price bias.",structured,approved,README.md|SKILL.md|examples/output/ma_crossover_signal.json
skill-macro-altdata-nowcast,skill,03,03.macro-cross-asset,modeling,data-ingestion|feature-engineering|modeling|reporting,利用宏观另类高频数据进行行业景气度现在预测和趋势观察。,Uses high-frequency alternative macro data for industry nowcasts and trend monitoring.,natural-language,approved,README.md|SKILL.md
skill-macro-monitor,skill,03,03.macro-cross-asset,monitoring,data-ingestion|monitoring|reporting,监测宏观数据、行业景气、经济日历和周期性宏观变化。,"Monitors macro data, industry conditions, economic calendars, and recurring macro changes.",natural-language,approved,README.md|SKILL.md
skill-market-daily-review,skill,08,08.daily-review,reporting,data-ingestion|reporting,生成基于Pandadata的A股收盘后每日市场复盘报告。,Generates Pandadata-based A-share after-close daily market review reports.,natural-language,approved,README.md|SKILL.md
skill-market-regime-analysis,skill,04,04.market-regime,modeling,data-ingestion|feature-engineering|modeling|backtesting|evaluation,结合指数、宏观、期货期限结构和波动率特征划分A股市场状态。,"Classifies A-share market regimes using index, macro, futures term-structure, and volatility features.",natural-language,approved,README.md|SKILL.md
skill-ml-factor-ensemble,skill,02,02.factor-orthogonalization-blending,modeling,feature-engineering|factor-generation|modeling|backtesting|evaluation,用防泄漏滚动验证将机器学习模型集成为因子元信号。,Ensembles machine-learning models into factor meta-signals with leakage-aware rolling validation.,structured,approved,README.md|SKILL.md|scripts/ml_ensemble.py
skill-model-hpo-evidence-driven,skill,06,06.statistical-ml-models,modeling,data-ingestion|modeling|evaluation|reporting,以固定验证流程和试验级证据优化量化多因子模型超参数。,Optimizes quantitative multi-factor model hyperparameters with fixed validation and trial-level evidence.,structured,approved,README.md|SKILL.md|references/output_contract.md
skill-munger-mental-model,skill,06,06.investor-research-models,modeling,data-ingestion|modeling|evaluation|reporting,运用多元思维模型框架生成公司投资研究和判断报告。,Applies a multidisciplinary mental-model framework to company investment research and judgment reports.,structured,approved,README.md|SKILL.md|skill.json
skill-news-sentiment-analyst,skill,08,08.news-disclosures,modeling,data-ingestion|modeling|reporting,采集、核验并分析A股财经新闻情绪，生成研究报告。,"Collects, verifies, and analyzes A-share financial-news sentiment for research reports.",structured,approved,README.md|SKILL.md|scripts/reporter.py
skill-northbound-margin-monitor,skill,04,04.flow-crowding,monitoring,data-ingestion|monitoring|reporting,监测北向资金、融资融券和期货全景的多类风险信号。,"Monitors northbound flows, margin trading, and futures conditions with multiple risk signals.",natural-language,approved,README.md|SKILL.md
skill-numerical-leak-check,skill,07,07.lookahead-leakage,evaluation,data-quality|evaluation|reporting,通过数值测试检测量化研究流程中的前视和数据泄漏。,Detects lookahead and data leakage in quantitative research workflows through numerical checks.,structured,approved,README.md|SKILL.md|references/adapter-contract.md
skill-oil-brief,skill,03,03.futures-commodity,reporting,data-ingestion|reporting,整合期货、EIA、OPEC和市场数据生成中文原油简报。,"Combines futures, EIA, OPEC, and market data into Chinese crude-oil briefs.",natural-language,approved,README.md|SKILL.md
skill-option-strategy-builder,skill,03,03.options-convertible-bond,portfolio-construction,data-ingestion|portfolio-construction|risk|reporting,构建期权策略腿组合、损益图、盈亏平衡、希腊字母和保证金分析。,"Builds option strategies with legs, payoff charts, breakevens, Greeks, and margin analysis.",structured,approved,README.md|SKILL.md|examples/sample_data/get_option_daily.json
skill-options-vol-analyst,skill,03,03.options-convertible-bond,modeling,data-ingestion|modeling|reporting,分析期权链、隐含与历史波动率、期限结构、偏度和波动率溢价。,"Analyzes option chains, implied and historical volatility, term structure, skew, and volatility premium.",natural-language,approved,README.md|SKILL.md
skill-overseas-equity-factor-miner,skill,02,02.factor-generation,factor-generation,data-ingestion|feature-engineering|factor-generation|factor-screening|evaluation,发现并以IC、衰减和换手率验证港美股横截面alpha因子。,"Discovers and validates HK and US cross-sectional alpha factors by IC, decay, and turnover.",natural-language,approved,README.md|SKILL.md
skill-oversold-rebound,skill,05,05.strategy-signal,factor-screening,data-ingestion|feature-engineering|factor-screening|reporting,判断A股短期超跌反弹环境并筛选候选股票。,Identifies A-share oversold-rebound conditions and screens candidate stocks.,structured,approved,README.md|SKILL.md|references/pandadata_contract.md
skill-pair-correlation,skill,06,06.statistical-ml-models,evaluation,data-ingestion|evaluation|reporting,计算和解释资产对的相关性、滚动关系及其研究用途。,"Computes and interprets asset-pair correlations, rolling relationships, and research uses.",structured,approved,README.md|SKILL.md|examples/output/pair_correlation.json
skill-pandaai-factor-online,skill,02,02.factor-pool-online,factor-generation,feature-engineering|factor-generation|factor-screening|backtesting|evaluation,支持PandaAI因子大赛环境配置、在线挖掘、批量回测和成本复盘。,"Supports PandaAI factor onboarding, online mining, batch backtests, and cost review.",structured,approved,README.md|SKILL.md|scripts/validate-qsh-form.mjs
skill-pandaai-workflow-audit,skill,07,07.workflow-audit,evaluation,data-quality|evaluation|reporting,审计PandaAI工作流的图结构、代码、时序、参数和回测验证证据。,"Audits PandaAI workflow graphs, code, timing, parameters, and backtest-validation evidence.",structured,approved,README.md|SKILL.md|scripts/audit_workflow.py
skill-pandaai-workflow-generator,skill,10,10.build-release-tooling,orchestration,orchestration,根据量化想法生成可导入PandaAI的工作流JSON及策略或因子代码。,Generates importable PandaAI workflow JSON and embedded strategy or factor code from quant ideas.,structured,approved,README.md|SKILL.md|references/templates/simple_backtest.json
skill-pandadata-api,skill,01,01.data-source-connectors,data-ingestion,data-ingestion|data-quality,为多种智能体运行时提供Pandadata市场和研究数据API调用与契约查询。,Provides Pandadata market and research API calls and contract lookup across agent runtimes.,structured,approved,README.md|SKILL.md|references/api_catalog.json
skill-pandadata-warehouse,skill,01,01.warehouse-cache,data-ingestion,data-ingestion|data-quality,管理本地Pandadata DuckDB和Parquet量化数据仓库、缓存和查询流程。,"Manages local Pandadata DuckDB and Parquet quantitative data warehouses, caches, and queries.",structured,approved,README.md|SKILL.md
skill-paper-replication,skill,06,06.paper-replication,modeling,data-ingestion|modeling|backtesting|evaluation|reporting,支持论文检索、数据提取、实验复现和研究结果报告。,"Supports paper search, data extraction, experiment reproduction, and research-result reporting.",structured,approved,README.md|SKILL.md|templates/reproduce_config.json
skill-portfolio-attribution,skill,05,05.performance-attribution,evaluation,data-ingestion|evaluation|reporting,将组合主动收益分解为行业配置、个股选择、交互效应和因子贡献。,"Attributes active portfolio returns to industry allocation, stock selection, interaction, and factor contributions.",structured,approved,README.md|SKILL.md|examples/output/attribution_report.json
skill-portfolio-checkup,skill,04,04.portfolio-stress,risk,data-ingestion|risk|reporting,汇总持仓集中度、基准偏离、估值、质量和风险暴露生成组合健康报告。,"Aggregates concentration, benchmark deviation, valuation, quality, and risk exposures into a portfolio health report.",hybrid,approved,README.md|SKILL.md|portfolio.json
skill-portfolio-liquidity-stress-test,skill,04,04.liquidity-risk,risk,data-ingestion|risk|reporting,在成交量压力下估算组合清算天数、期限内变现、赎回缺口和冲击成本。,"Estimates portfolio liquidation days, horizon cash, redemption shortfalls, and impact costs under volume stress.",structured,approved,README.md|SKILL.md|references/output-contract.md
skill-portfolio-optimize,skill,05,05.portfolio-construction,portfolio-construction,data-ingestion|modeling|portfolio-construction|backtesting|evaluation,将alpha信号转为受权重、行业、暴露和换手约束的优化组合权重。,"Turns alpha signals into optimized weights under weight, sector, exposure, and turnover constraints.",structured,approved,README.md|SKILL.md|scripts/optimize_report.py
skill-portfolio-pnl-attribution,skill,05,05.performance-attribution,evaluation,data-ingestion|evaluation|reporting,按证券和行业归因组合已实现收益，并对账费用、基准和输入质量。,"Attributes realized portfolio returns by security and sector while reconciling fees, benchmarks, and input quality.",structured,approved,README.md|SKILL.md|references/input_contract.md
skill-post-market-screener,skill,03,03.a-share-equity,factor-screening,data-ingestion|factor-screening|reporting,收盘后结合技术形态和资金流筛选 A 股股票并生成报告。,Screens A-share stocks after market close using technical patterns and capital-flow evidence.,structured,approved,README.en.md|README.md|SKILL.md
skill-qbti,skill,05,05.strategy-signal,portfolio-construction,factor-screening|portfolio-construction|backtesting|reporting,通过五部分问答将用户偏好转换为因子方向和策略参数。,Translates a five-part user questionnaire into factor directions and strategy parameters.,structured,approved,README.en.md|README.md|SKILL.md
skill-quant-execution-microstructure,skill,05,05.market-microstructure,execution,risk|monitoring|execution|reporting,将已批准的交易目标转化为可观测的成本感知执行方案。,"Converts approved trade targets into observable, cost-aware execution plans.",structured,approved,README.en.md|README.md|SKILL.md
skill-quant-factor-directional-alpha,skill,02,02.factor-generation,factor-generation,data-ingestion|factor-generation|evaluation,提供用于趋势、突破和反转研究的 OHLCV 方向因子库。,"Provides an OHLCV directional-factor library for trend, breakout, and reversal research.",natural-language,approved,README.en.md|README.md|SKILL.md
skill-quant-factor-risk-pattern-alpha,skill,02,02.factor-generation,factor-generation,data-ingestion|factor-generation|evaluation,提供用于波动、K 线形态和回撤压力研究的 OHLCV 因子库。,"Provides an OHLCV factor library for volatility, chart-pattern, and drawdown-pressure research.",natural-language,approved,README.en.md|README.md|SKILL.md
skill-quant-factor-skill-factory,skill,10,10.build-release-tooling,orchestration,data-ingestion|factor-generation|evaluation|orchestration,批量生成、验证并打包框架中立的 OHLCV 因子技能。,"Batch-generates, validates, and packages framework-neutral OHLCV factor skills.",hybrid,approved,README.en.md|README.md|SKILL.md
skill-quant-factor-volume-stat-alpha,skill,02,02.factor-generation,factor-generation,data-ingestion|factor-generation|evaluation,提供用于成交量和量价统计研究的 OHLCV 因子库。,Provides an OHLCV factor library for volume and price-volume statistical research.,natural-language,approved,README.en.md|README.md|SKILL.md
skill-quant-portfolio-risk,skill,04,04.portfolio-stress,risk,portfolio-construction|risk|reporting,分析组合风险暴露、约束和压力情景。,"Analyzes portfolio risk exposures, constraints, and stress scenarios.",structured,approved,README.md|SKILL.md
skill-quant-research,skill,06,06.experiment-reproducibility,modeling,data-ingestion|modeling|backtesting|evaluation|reporting,指导量化研究、回测设计和统计验证工作流。,"Guides quantitative research, backtest design, and statistical validation workflows.",natural-language,approved,README.md|SKILL.md
skill-quant-research-experiment-registry,skill,06,06.experiment-reproducibility,evaluation,modeling|evaluation|reporting,登记量化实验并审计其可复现性证据。,Registers quantitative experiments and audits their reproducibility evidence.,structured,approved,README.en.md|README.md|SKILL.md
skill-quant-research-replication,skill,06,06.paper-replication,modeling,data-ingestion|modeling|backtesting|evaluation|reporting,指导可审计的量化研究复现流程。,Guides auditable quantitative-research replication workflows.,natural-language,approved,README.md|SKILL.md
skill-refinancing-monitor,skill,04,04.corporate-event,monitoring,data-ingestion|monitoring|reporting,跟踪 A 股再融资生命周期、定价和稀释风险。,"Tracks A-share refinancing lifecycles, pricing, and dilution risk.",structured,approved,README.md|SKILL.md
skill-regulatory-risk-radar,skill,04,04.regulatory-compliance,monitoring,data-ingestion|risk|monitoring|reporting,汇总 A 股监管与合规风险事件并进行分级。,Aggregates and grades A-share regulatory and compliance risk events.,structured,approved,README.md|SKILL.md
skill-report-replication,skill,06,06.strategy-replication,modeling,data-ingestion|modeling|evaluation|reporting,指导将研究报告转化为可复现的分析流程。,Guides conversion of research reports into reproducible analysis workflows.,natural-language,approved,README.md|SKILL.md
skill-residual-guided-factor-selection,skill,02,02.factor-selection,factor-screening,feature-engineering|factor-screening|modeling|backtesting|evaluation,使用残差 IC 和样本外评估筛选因子组合。,Selects factor combinations using residual IC and out-of-sample evaluation.,structured,approved,README.md|SKILL.md
skill-risk-model,skill,04,04.portfolio-stress,risk,data-ingestion|modeling|risk|reporting,构建多因子风险模型并进行风险归因。,Builds a multifactor risk model and performs risk attribution.,structured,approved,README.md|SKILL.md
skill-risk-return-metrics,skill,05,05.performance-attribution,evaluation,evaluation|reporting,计算投资组合或策略的风险收益指标。,Calculates risk-return metrics for portfolios or strategies.,structured,approved,README.md|SKILL.md
skill-rolling-beta-exposure,skill,04,04.portfolio-stress,risk,data-ingestion|risk|reporting,估计资产或组合相对于基准的滚动贝塔暴露。,Estimates rolling beta exposure of assets or portfolios relative to a benchmark.,structured,approved,README.md|SKILL.md
skill-serenity-research-model,skill,06,06.investor-research-models,modeling,data-ingestion|modeling|reporting,从公开 X/Twitter 证据重建 Serenity 风格的研究逻辑。,Reconstructs Serenity-style research logic from public X/Twitter evidence.,natural-language,approved,README.en.md|README.md|SKILL.md
skill-signal-stability-audit,skill,07,07.signal-stability,evaluation,data-quality|evaluation|risk|reporting,审计量化信号跨期和跨样本的稳定性。,Audits quantitative-signal stability across time and samples.,structured,approved,README.md|SKILL.md
skill-simons-pairs-trading,skill,06,06.statistical-ml-models,modeling,data-ingestion|modeling|backtesting|evaluation|reporting,研究 A 股配对交易的协整、价差和执行约束。,"Studies A-share pairs trading with cointegration, spreads, and execution constraints.",structured,approved,README.md|SKILL.md
skill-smart-money-profiler,skill,04,04.flow-crowding,monitoring,data-ingestion|monitoring|reporting,分析龙虎榜席位、北向行为与资金共识或分歧。,"Analyzes LHB seats, northbound activity, and capital-flow consensus or divergence.",structured,approved,README.md|SKILL.md
skill-ssquant-ai-trader,skill,05,05.paper-live-execution,execution,modeling|portfolio-construction|backtesting|risk|execution|reporting,组织 SSQuant 策略研究、模拟交易和运行检查。,"Orchestrates SSQuant strategy research, paper trading, and runtime checks.",hybrid,approved,README.md|SKILL.md
skill-ssquant-trader-generator,skill,10,10.build-release-tooling,orchestration,execution|orchestration,将自然语言交易想法转换为可复用的 Trader Skill，并委托模拟部署流程。,Turns natural-language trading ideas into a reusable Trader Skill and delegates simulated deployment.,hybrid,approved,README.md|SKILL.md
skill-statistical-arbitrage-time-series,skill,06,06.statistical-ml-models,modeling,data-ingestion|modeling|backtesting|evaluation|reporting,构建统计套利时间序列研究并生成可追溯报告。,Builds statistical-arbitrage time-series research and produces traceable reports.,structured,approved,README.en.md|README.md|SKILL.md
skill-stock-memory-analyzer-usa,skill,03,03.hk-us-equity,reporting,data-ingestion|modeling|reporting,对美国存储芯片股票开展多维度研究分析。,Performs multidimensional research analysis of US memory-chip stocks.,hybrid,approved,README.md|SKILL.md
skill-stock-screener,skill,03,03.a-share-equity,factor-screening,data-ingestion|factor-screening|reporting,依据自然语言筛选条件和 Pandadata 证据筛选 A 股股票。,Screens A-share stocks from natural-language criteria and Pandadata evidence.,structured,approved,README.md|SKILL.md
skill-strategy-tearsheet-report,skill,05,05.performance-attribution,reporting,evaluation|risk|reporting,生成包含风险调整指标的策略绩效 tearsheet。,Generates strategy-performance tearsheets with risk-adjusted metrics.,structured,approved,README.md|SKILL.md
skill-survivorship-universe-auditor,skill,07,07.survivorship-bias,data-quality,data-ingestion|data-quality|evaluation|reporting,审计回测前的点时证券池成员、标识和退市收益数据。,"Audits point-in-time universe membership, identities, and delisting returns before backtests.",structured,approved,README.en.md|README.md|SKILL.md
skill-template,skill,10,10.skill-template,orchestration,orchestration,提供 QuantSkills 技能项目的模板结构和说明。,Provides a template structure and instructions for QuantSkills skill projects.,not-applicable,approved,README.md|SKILL.md
skill-time-series-analysis,skill,06,06.statistical-ml-models,modeling,data-ingestion|modeling|evaluation|reporting,对金融时间序列进行诊断并生成分析报告。,Diagnoses financial time series and produces analysis reports.,structured,approved,README.en.md|README.md|SKILL.md
skill-transaction-cost-analysis,skill,05,05.transaction-costs,evaluation,data-ingestion|evaluation|reporting,将成交记录相对 VWAP/TWAP 分解为多类交易成本。,Decomposes fills against VWAP/TWAP into transaction-cost components.,structured,approved,README.en.md|README.md|SKILL.md
skill-transaction-cost-calibration,skill,05,05.transaction-costs,evaluation,data-ingestion|evaluation|reporting,从成交和市场数据校准佣金、价差、滑点与冲击成本假设。,"Calibrates commission, spread, slippage, and market-impact assumptions from execution and market data.",structured,approved,README.en.md|README.md|SKILL.md
skill-us-sec-edgar-harvester,skill,01,01.data-source-connectors,data-ingestion,data-ingestion|data-quality|reporting,采集并结构化美国 SEC EDGAR 公开申报文件。,Harvests and structures public US SEC EDGAR filings.,structured,approved,README.en.md|README.md|SKILL.md
skill-us-sector-rotation,skill,03,03.hk-us-equity,reporting,data-ingestion|evaluation|reporting,生成美国行业表现、估值和轮动的事实性报告。,"Generates factual reports on US sector performance, valuation, and rotation.",structured,approved,README.en.md|README.md|SKILL.md
skill-walk-forward-validator,skill,07,07.walk-forward-oos,evaluation,data-quality|evaluation|reporting,用净化和隔离的滚动窗口验证截面信号的样本外表现。,Validates cross-sectional signals out of sample with purged and embargoed rolling windows.,structured,approved,README.en.md|README.md|SKILL.md
skill-x-trader-builder,skill,06,06.investor-research-models,orchestration,data-ingestion|modeling|evaluation|reporting|orchestration,从公开 X/Twitter 帖子数据构建交易者专属研究模型技能。,Builds trader-specific research-model skills from public X/Twitter post data.,structured,approved,README.en.md|README.md|SKILL.md
skill-xingtai-catcher,skill,03,03.futures-commodity,factor-screening,data-ingestion|factor-screening|reporting,根据文字或图像描述检索相似的 A 股和期货 K 线形态。,Retrieves similar A-share and futures K-line patterns from text or image descriptions.,hybrid,approved,README.md|SKILL.md
